{"schemaVersion":"1.0","appDefinitionTemplate":{"id":"/providers/Microsoft.PowerApps/apps/","type":"Microsoft.PowerApps/apps","tags":{"primaryDeviceWidth":"1366","primaryDeviceHeight":"760","sienaVersion":"20220330T164833Z-3.22022.23.0","deviceCapabilities":"","supportsPortrait":"false","supportsLandscape":"true","primaryFormFactor":"Tablet","publisherVersion":"3.22022.23","minimumRequiredApiVersion":"2.2.0","hasComponent":"true","hasUnlockedComponent":"true","isUnifiedRootApp":"false"},"properties":{"appVersion":"2022-03-30T16:48:33Z","lifeCycleId":"Published","createdByClientVersion":{"major":3,"minor":22022,"build":23,"revision":0,"majorRevision":0,"minorRevision":0},"minClientVersion":{"major":3,"minor":22022,"build":23,"revision":0,"majorRevision":0,"minorRevision":0},"backgroundColor":"RGBA(0,176,240,1)","backgroundImageUri":"/14048049860193305296/Nf2e13956-606f-4e30-8ee6-c98f1ef554eb-logoSmallFile","displayName":"Risk Project Resource Management","description":"","commitMessage":"","appUris":{"documentUri":{"value":"/14048049860193305296/N0bdc2cf8-2c69-47b0-911d-129d24b92cca-document.msapp"},"imageUris":[]},"createdTime":"0001-01-01T00:00:00Z","lastModifiedTime":"0001-01-01T00:00:00Z","sharedGroupsCount":0,"sharedUsersCount":0,"icons":{"smallIconUri":"/14048049860193305296/Ned4fbbae-ecb3-4e15-a510-5d2587966a6f-small.png","mediumIconUri":"/14048049860193305296/Nabf37746-8725-499f-b0f1-41555bc30eb7-medium.png","largeIconUri":"/14048049860193305296/N5ea409d2-ad1e-4a51-909b-908aae0c71ff-large.png","wideIconUri":"/14048049860193305296/N80d3f3e6-ee6f-43fc-a9dd-4c04a0dbcfa7-wide.png"},"connectionReferences":{"57aa0eb8-2fd5-4895-868f-30c5d936e805":{"id":"c90584ac-ccb6-4468-bdc5-8c4e67b179c3","displayName":"Office 365 Outlook","iconUri":"https://connectoricons-prod.azureedge.net/releases/v1.0.1566/1.0.1566.2741/office365/icon.png","dataSources":["Office365Outlook"],"dependencies":[],"dependents":[],"parameterHints":{},"parameterHintsV2":{},"isOnPremiseConnection":false,"bypassConsent":false,"dataSets":{},"apiTier":"Standard","isCustomApiConnection":false,"actions":["SendEmailV2"]},"c9711e24-f118-4060-8969-e856258cef07":{"id":"f45ce9dd-4e2e-4310-a722-fc645778c3f0","displayName":"Office 365 Users","iconUri":"https://connectoricons-prod.azureedge.net/releases/v1.0.1563/1.0.1563.2732/office365users/icon.png","dataSources":["Office365Users"],"dependencies":[],"dependents":[],"parameterHints":{},"parameterHintsV2":{},"isOnPremiseConnection":false,"bypassConsent":false,"dataSets":{},"apiTier":"Standard","isCustomApiConnection":false,"actions":["SearchUser"]},"f0b8a44e-854e-46c6-a49c-1730e5408b77":{"id":"e418fb19-565b-4e4d-bcd0-73a6793116de","displayName":"SharePoint","iconUri":"https://connectoricons-prod.azureedge.net/releases/v1.0.1563/1.0.1563.2732/sharepointonline/icon.png","dataSources":["PlanViewID","ProjectID","ProjectName","ResourceType","RiskProject","Role","SuperUser","UserN"],"dependencies":[],"dependents":[],"parameterHints":{},"parameterHintsV2":{},"isOnPremiseConnection":false,"bypassConsent":false,"dataSets":{"https://mfc.sharepoint.com/sites/eGRCManagement/RiskProjects":{"dataSources":{"PlanViewID":{"tableName":"a8edbb3f-1a65-4377-87c0-df67aa26635a"},"ProjectID":{"tableName":"905bd3f0-c72c-4778-b122-8a88764054e1"},"ProjectName":{"tableName":"b417f201-546e-455a-a10e-757ac5119898"},"ResourceType":{"tableName":"dd8e6a64-be88-4a75-aa93-bebd53d3650c"},"RiskProject":{"tableName":"b6899dc6-5eea-42e1-baad-0d36dab727ce"},"Role":{"tableName":"ee05b552-b5e8-4dae-81cf-5b227abad5bd"},"SuperUser":{"tableName":"56cf3c4a-53d5-4a09-8692-8988ac585f8f"},"UserN":{"tableName":"1660e454-592a-49cd-86f6-e7b6ee67d6d6"}}}},"apiTier":"Standard","isCustomApiConnection":false,"actions":["providers/PowerPlatform.Governance/Operations/Read","providers/PowerPlatform.Governance/Operations/Write"]},"09639acd-e6f0-4bdf-8df3-4060d1ac880c":{"id":"e418fb19-565b-4e4d-bcd0-73a6793116de","displayName":"SharePoint","iconUri":"https://connectoricons-prod.azureedge.net/releases/v1.0.1563/1.0.1563.2732/sharepointonline/icon.png","dataSources":["Employee","GFI","ResourceAdjustment"],"dependencies":[],"dependents":[],"parameterHints":{},"parameterHintsV2":{},"isOnPremiseConnection":false,"bypassConsent":false,"dataSets":{"https://mfc.sharepoint.com/sites/eGRCManagement/RiskProjects":{"dataSources":{"Employee":{"tableName":"23840e1e-53d0-4dab-af7d-cda6ed416c82"},"GFI":{"tableName":"3d058c60-2fe3-448a-b1b3-7f8669ba0b13"}}},"https://mfc.sharepoint.com/sites/eGRCManagement/RiskProjects/_layouts":{"dataSources":{"ResourceAdjustment":{"tableName":"e3d21baa-d3b0-4818-a94b-31514fd9597d"}}}},"apiTier":"Standard","isCustomApiConnection":false,"actions":["providers/PowerPlatform.Governance/Operations/Read","providers/PowerPlatform.Governance/Operations/Write"]},"04c04245-f3ef-42e9-a6ab-4d5f72228eb2":{"id":"e418fb19-565b-4e4d-bcd0-73a6793116de","displayName":"SharePoint","iconUri":"https://connectoricons-prod.azureedge.net/releases/v1.0.1563/1.0.1563.2732/sharepointonline/icon.png","dataSources":["Forecast"],"dependencies":[],"dependents":[],"parameterHints":{},"parameterHintsV2":{},"isOnPremiseConnection":false,"bypassConsent":false,"dataSets":{"https://mfc.sharepoint.com/sites/eGRCManagement/RiskProjects":{"dataSources":{"Forecast":{"tableName":"fa91b910-08c5-48d1-bcc0-343ee2f49fa0"}}}},"apiTier":"Standard","isCustomApiConnection":false,"actions":["providers/PowerPlatform.Governance/Operations/Read","providers/PowerPlatform.Governance/Operations/Write"]}},"databaseReferences":{},"almMode":"Environment","performanceOptimizationEnabled":true,"canConsumeAppPass":true,"executionRestrictions":{"isTeamsOnly":false,"dataLossPreventionEvaluationResult":{"status":"Compliant","lastEvaluationDate":"2022-01-19T14:09:00.6253664Z","violations":[],"violationsByPolicy":[],"violationErrorMessage":"The app uses the following connectors: shared_office365, shared_office365users, shared_excel, shared_onedriveforbusiness."}}},"appType":"ClassicCanvasApp","appComponents":[]}}